id,name_en,name_ar,synonyms,kcal_100g,protein_g,fat_g,carb_g,fiber_g,sugar_g,sodium_mg,category,serving_size_g,serving_desc,source
ful_medames,Ful medames (cooked fava beans),فول مدمس,"ful;foul;fool",110,7.6,0.5,17.8,5.4,0.5,320,legume,250,1 bowl,"Pellett & Shadarevian, Food Composition Tables for Use in the Middle East, 2nd ed., AUB, 1970, p. 42"
hummus,Hummus bi tahina,حمص بالطحينة,"hommos;hummos;houmous",166,7.9,9.6,14.3,6.0,0.3,379,dip,60,1/4 cup,"USDA FoodData Central, SR Legacy 16158, Hummus, commercial"
tahini,Tahini (sesame paste),طحينة,"tahina;tehina",595,17.0,53.8,21.2,9.3,0.5,115,condiment,15,1 tbsp,"USDA FoodData Central, SR Legacy 12698, Seeds, sesame butter, tahini"
falafel,Falafel (fried chickpea patty),فلافل,"felafel;ta'amiya;taamiya",333,13.3,17.8,31.8,4.9,0.0,294,legume,17,1 patty,"USDA FoodData Central, SR Legacy 22610, Falafel, home-prepared"
labneh,Labneh (strained yoghurt),لبنة,"labaneh;labne",174,9.0,13.0,5.0,0.0,4.4,90,dairy,30,2 tbsp,"Pellett & Shadarevian, Food Composition Tables for Use in the Middle East, 2nd ed., AUB, 1970, p. 21"
laban,Laban (drinking yoghurt),لبن,"laban ayran;ayran",61,3.5,3.3,4.7,0.0,4.7,46,dairy,200,1 glass,"Pellett & Shadarevian, Food Composition Tables for Use in the Middle East, 2nd ed., AUB, 1970, p. 20"
zaatar_mix,Za'atar spice mix,زعتر,"zatar;zaatar;za'atar",350,11.0,15.0,44.0,20.0,2.0,1200,condiment,10,1 tbsp,"Pellett & Shadarevian, Food Composition Tables for Use in the Middle East, 2nd ed., AUB, 1970, p. 60"
manakish_zaatar,Manakish za'atar,مناقيش زعتر,"manaeesh;manakeesh",290,7.0,12.0,38.0,3.0,2.0,480,bakery,120,1 piece,"Pellett & Shadarevian, Food Composition Tables for Use in the Middle East, 2nd ed., AUB, 1970, p. 55"
koshari,"Koshari (rice, lentils and macaroni)",كشري,"koshary;kushari",153,5.0,3.0,27.0,2.5,1.0,280,dish,400,1 plate,"Pellett & Shadarevian, Food Composition Tables for Use in the Middle East, 2nd ed., AUB, 1970, p. 48"
mansaf,Mansaf (lamb with jameed and rice),منسف,"mansef",190,12.0,9.0,15.0,0.6,0.8,420,dish,450,1 plate,"Pellett & Shadarevian, Food Composition Tables for Use in the Middle East, 2nd ed., AUB, 1970, p. 50"
maqluba,Maqluba (upside-down rice),مقلوبة,"maklouba;makloubeh",160,6.0,6.0,21.0,1.8,1.2,310,dish,350,1 plate,"Pellett & Shadarevian, Food Composition Tables for Use in the Middle East, 2nd ed., AUB, 1970, p. 51"
mujaddara,Mujaddara (lentils and rice),مجدرة,"mujadara;mudardara",130,4.6,3.6,20.6,3.2,0.8,240,dish,250,1 bowl,"Pellett & Shadarevian, Food Composition Tables for Use in the Middle East, 2nd ed., AUB, 1970, p. 49"
tabbouleh,Tabbouleh,تبولة,"tabouleh;tabouli",120,2.4,7.6,11.6,2.7,1.4,210,salad,100,1 cup,"Pellett & Shadarevian, Food Composition Tables for Use in the Middle East, 2nd ed., AUB, 1970, p. 46"
fattoush,Fattoush,فتوش,"fatoush",110,2.2,6.8,10.5,2.2,2.0,190,salad,150,1 bowl,"Pellett & Shadarevian, Food Composition Tables for Use in the Middle East, 2nd ed., AUB, 1970, p. 46"
shawarma_chicken,Chicken shawarma (meat only),شاورما دجاج,"shawerma;shwarma",190,25.0,9.0,1.5,0.0,0.5,520,meat,150,1 serving,"Pellett & Shadarevian, Food Composition Tables for Use in the Middle East, 2nd ed., AUB, 1970, p. 33"
kibbeh,Kibbeh (fried),كبة,"kibbe;kubba",280,11.0,16.0,23.0,2.0,1.0,430,dish,60,1 piece,"Pellett & Shadarevian, Food Composition Tables for Use in the Middle East, 2nd ed., AUB, 1970, p. 52"
warak_enab,Stuffed vine leaves,ورق عنب,"dolma;warak dawali",150,3.0,7.0,19.0,2.4,1.5,380,dish,25,1 roll,"Pellett & Shadarevian, Food Composition Tables for Use in the Middle East, 2nd ed., AUB, 1970, p. 47"
kunafa,Kunafa (with cheese and syrup),كنافة,"knafeh;kanafeh;kunafeh",340,6.0,17.0,42.0,0.8,26.0,180,dessert,120,1 piece,"Pellett & Shadarevian, Food Composition Tables for Use in the Middle East, 2nd ed., AUB, 1970, p. 58"
baklava,Baklava,بقلاوة,"baklawa",430,6.5,24.0,49.0,2.2,29.0,190,dessert,50,1 piece,"Pellett & Shadarevian, Food Composition Tables for Use in the Middle East, 2nd ed., AUB, 1970, p. 58"
halawa,"Halawa (halva, sesame)",حلاوة طحينية,"halva;halwa",540,12.0,32.0,52.0,4.0,44.0,195,dessert,30,1 slice,"Pellett & Shadarevian, Food Composition Tables for Use in the Middle East, 2nd ed., AUB, 1970, p. 59"
